{
  "lang":"en",
  "name":"pipeline",
  "version":"0.0.0",
  "spacy_version":">=3.7.5,<3.8.0",
  "description":"",
  "author":"",
  "email":"",
  "url":"",
  "license":"",
  "spacy_git_version":"a6d0fc360",
  "vectors":{
    "width":0,
    "vectors":0,
    "keys":0,
    "name":null,
    "mode":"default"
  },
  "labels":{
    "tok2vec":[

    ],
    "ner":[
      "B-art",
      "B-eve",
      "B-geo",
      "B-gpe",
      "B-nat",
      "B-org",
      "B-per",
      "B-tim",
      "I-art",
      "I-eve",
      "I-geo",
      "I-gpe",
      "I-nat",
      "I-org",
      "I-per",
      "I-tim"
    ]
  },
  "pipeline":[
    "tok2vec",
    "ner"
  ],
  "components":[
    "tok2vec",
    "ner"
  ],
  "disabled":[

  ],
  "performance":{
    "ents_f":0.1464097319,
    "ents_p":0.499816244,
    "ents_r":0.0857665384,
    "ents_per_type":{
      "B-gpe":{
        "p":0.4535104364,
        "r":0.1523263225,
        "f":0.2280534351
      },
      "B-org":{
        "p":0.4573863636,
        "r":0.1593270658,
        "f":0.2363302752
      },
      "B-geo":{
        "p":0.347826087,
        "r":0.0022191401,
        "f":0.0044101433
      },
      "I-per":{
        "p":0.7634408602,
        "r":0.1255896226,
        "f":0.2156962025
      },
      "B-per":{
        "p":0.625,
        "r":0.1549463647,
        "f":0.2483285578
      },
      "B-tim":{
        "p":0.7698412698,
        "r":0.0471789883,
        "f":0.0889092576
      },
      "I-org":{
        "p":0.3421052632,
        "r":0.129466901,
        "f":0.1878453039
      },
      "I-geo":{
        "p":0.0,
        "r":0.0,
        "f":0.0
      },
      "I-tim":{
        "p":0.0,
        "r":0.0,
        "f":0.0
      },
      "B-nat":{
        "p":0.0,
        "r":0.0,
        "f":0.0
      },
      "I-eve":{
        "p":0.0,
        "r":0.0,
        "f":0.0
      },
      "B-eve":{
        "p":0.0,
        "r":0.0,
        "f":0.0
      },
      "I-art":{
        "p":0.0,
        "r":0.0,
        "f":0.0
      },
      "B-art":{
        "p":0.0,
        "r":0.0,
        "f":0.0
      },
      "I-nat":{
        "p":0.0,
        "r":0.0,
        "f":0.0
      },
      "I-gpe":{
        "p":0.0,
        "r":0.0,
        "f":0.0
      }
    },
    "tok2vec_loss":580.6002742159,
    "ner_loss":8989.6103704644
  }
}