{
  "lang":"en",
  "name":"pipeline",
  "version":"0.0.0",
  "spacy_version":">=3.7.5,<3.8.0",
  "description":"",
  "author":"",
  "email":"",
  "url":"",
  "license":"",
  "spacy_git_version":"a6d0fc360",
  "vectors":{
    "width":0,
    "vectors":0,
    "keys":0,
    "name":null,
    "mode":"default"
  },
  "labels":{
    "tok2vec":[

    ],
    "ner":[
      "B-art",
      "B-eve",
      "B-geo",
      "B-gpe",
      "B-nat",
      "B-org",
      "B-per",
      "B-tim",
      "I-art",
      "I-eve",
      "I-geo",
      "I-gpe",
      "I-nat",
      "I-org",
      "I-per",
      "I-tim"
    ]
  },
  "pipeline":[
    "tok2vec",
    "ner"
  ],
  "components":[
    "tok2vec",
    "ner"
  ],
  "disabled":[

  ],
  "performance":{
    "ents_f":0.1301315937,
    "ents_p":0.601038961,
    "ents_r":0.0729646213,
    "ents_per_type":{
      "B-gpe":{
        "p":0.4719864177,
        "r":0.1771829191,
        "f":0.2576459685
      },
      "B-geo":{
        "p":0.4779411765,
        "r":0.0180305132,
        "f":0.0347500668
      },
      "I-per":{
        "p":0.864628821,
        "r":0.116745283,
        "f":0.2057142857
      },
      "B-per":{
        "p":0.6876712329,
        "r":0.1495828367,
        "f":0.2457170827
      },
      "B-org":{
        "p":0.533916849,
        "r":0.1207323107,
        "f":0.1969330105
      },
      "B-tim":{
        "p":0.8644067797,
        "r":0.0496108949,
        "f":0.0938362466
      },
      "I-geo":{
        "p":0.6153846154,
        "r":0.0229885057,
        "f":0.0443213296
      },
      "I-tim":{
        "p":0.0,
        "r":0.0,
        "f":0.0
      },
      "I-org":{
        "p":0.6,
        "r":0.0017574692,
        "f":0.0035046729
      },
      "B-nat":{
        "p":0.0,
        "r":0.0,
        "f":0.0
      },
      "I-eve":{
        "p":0.0,
        "r":0.0,
        "f":0.0
      },
      "B-eve":{
        "p":0.0,
        "r":0.0,
        "f":0.0
      },
      "I-art":{
        "p":0.0,
        "r":0.0,
        "f":0.0
      },
      "B-art":{
        "p":0.0,
        "r":0.0,
        "f":0.0
      },
      "I-nat":{
        "p":0.0,
        "r":0.0,
        "f":0.0
      },
      "I-gpe":{
        "p":0.0,
        "r":0.0,
        "f":0.0
      }
    },
    "tok2vec_loss":660.5381736038,
    "ner_loss":8788.3124673384
  }
}